{"cameraMode":{"drawMode":0,"name":"Shaded","section":"Shading Mode"},"sceneLighting":true,"audioPlay":false,"sceneViewState":{"showFog":true,"showMaterialUpdate":false,"showSkybox":true,"showFlares":true,"showImageEffects":true,"showParticleSystems":true},"in2DMode":false,"pivot":{"x":2.1306824684143068,"y":-24.332727432250978,"z":90.86581420898438},"rotation":{"x":-0.13669055700302125,"y":-0.0071815624833106998,"z":0.0009324770071543753,"w":-0.9906878471374512},"size":107.93256378173828,"orthographic":false}